{"max_amplitude": 577.658203438677, "min_amplitude": 0.0, "class_weight": [0.10956568157890835, 0.4366167944364537, 0.04077759160129895, 0.138495529293139, 0.03699639674372396, 0.10972879194531354, 0.12781921440116253]}